zip_code,state_code,state_name,city,time_zone
T0A,AB,Alberta,Eastern Alberta,
T0B,AB,Alberta,Wainwright Region,
T0C,AB,Alberta,Central Alberta,
T0E,AB,Alberta,Western Alberta,
T0G,AB,Alberta,North Central Alberta,
T0H,AB,Alberta,Northwestern Alberta,
T0J,AB,Alberta,Southeastern Alberta,
T0K,AB,Alberta,International Border Region,
T0L,AB,Alberta,Kananaskis Country,
T0M,AB,Alberta,Central Foothills,
T0P,AB,Alberta,Northeastern Alberta,
T0V,AB,Alberta,Remote Northeast,
T1A,AB,Alberta,Medicine Hat,
T1B,AB,Alberta,Medicine Hat,
T1C,AB,Alberta,Medicine Hat,
T1G,AB,Alberta,Taber,
T1H,AB,Alberta,Lethbridge,
T1J,AB,Alberta,Lethbridge,
T1K,AB,Alberta,Lethbridge,
T1L,AB,Alberta,Banff,
T1M,AB,Alberta,Coaldale,
T1P,AB,Alberta,Strathmore,
T1R,AB,Alberta,Brooks,
T1S,AB,Alberta,Okotoks,
T1V,AB,Alberta,High River,
T1W,AB,Alberta,Canmore,
T1X,AB,Alberta,Chestermere,
T1Y,AB,Alberta,Calgary,
T1Z,AB,Alberta,Rocky View,
T2A,AB,Alberta,Calgary,
T2B,AB,Alberta,Calgary,
T2C,AB,Alberta,Calgary,
T2E,AB,Alberta,Calgary,
T2G,AB,Alberta,Calgary,
T2H,AB,Alberta,Calgary,
T2J,AB,Alberta,Calgary,
T2K,AB,Alberta,Calgary,
T2L,AB,Alberta,Calgary,
T2M,AB,Alberta,Calgary,
T2N,AB,Alberta,Calgary,
T2P,AB,Alberta,Calgary,
T2R,AB,Alberta,Calgary,
T2S,AB,Alberta,Calgary,
T2T,AB,Alberta,Calgary,
T2V,AB,Alberta,Calgary,
T2W,AB,Alberta,Calgary,
T2X,AB,Alberta,Calgary,
T2Y,AB,Alberta,Calgary,
T2Z,AB,Alberta,Calgary,
T3A,AB,Alberta,Calgary,
T3B,AB,Alberta,Calgary,
T3C,AB,Alberta,Calgary,
T3E,AB,Alberta,Calgary,
T3G,AB,Alberta,Calgary,
T3H,AB,Alberta,Calgary,
T3J,AB,Alberta,Calgary,
T3K,AB,Alberta,Calgary,
T3L,AB,Alberta,Calgary,
T3M,AB,Alberta,Calgary,
T3N,AB,Alberta,Calgary,
T3P,AB,Alberta,Calgary,
T3R,AB,Alberta,Calgary,
T3S,AB,Alberta,Calgary,
T3T,AB,Alberta,Tsuut'ina,
T3Z,AB,Alberta,Redwood Meadows,
T4A,AB,Alberta,Airdrie,
T4B,AB,Alberta,Airdrie,
T4C,AB,Alberta,Cochrane,
T4E,AB,Alberta,Red Deer,
T4G,AB,Alberta,Innisfail,
T4H,AB,Alberta,Olds,
T4J,AB,Alberta,Ponoka,
T4L,AB,Alberta,Lacombe,
T4M,AB,Alberta,Blackfalds,
T4N,AB,Alberta,Red Deer,
T4P,AB,Alberta,Red Deer,
T4R,AB,Alberta,Red Deer,
T4S,AB,Alberta,Sylvan Lake,
T4T,AB,Alberta,Rocky Mountain House,
T4V,AB,Alberta,Camrose,
T4X,AB,Alberta,Beaumont,
T5A,AB,Alberta,Edmonton,
T5B,AB,Alberta,Edmonton,
T5C,AB,Alberta,Edmonton,
T5E,AB,Alberta,Edmonton,
T5G,AB,Alberta,Edmonton,
T5H,AB,Alberta,Edmonton,
T5J,AB,Alberta,Edmonton,
T5K,AB,Alberta,Edmonton,
T5L,AB,Alberta,Edmonton,
T5M,AB,Alberta,Edmonton,
T5N,AB,Alberta,Edmonton,
T5P,AB,Alberta,Edmonton,
T5R,AB,Alberta,Edmonton,
T5S,AB,Alberta,Edmonton,
T5T,AB,Alberta,Edmonton,
T5V,AB,Alberta,Edmonton,
T5W,AB,Alberta,Edmonton,
T5X,AB,Alberta,Edmonton,
T5Y,AB,Alberta,Edmonton,
T5Z,AB,Alberta,Edmonton,
T6A,AB,Alberta,Edmonton,
T6B,AB,Alberta,Edmonton,
T6C,AB,Alberta,Edmonton,
T6E,AB,Alberta,Edmonton,
T6G,AB,Alberta,Edmonton,
T6H,AB,Alberta,Edmonton,
T6J,AB,Alberta,Edmonton,
T6K,AB,Alberta,Edmonton,
T6L,AB,Alberta,Edmonton,
T6M,AB,Alberta,Edmonton,
T6N,AB,Alberta,Edmonton,
T6P,AB,Alberta,Edmonton,
T6R,AB,Alberta,Edmonton,
T6S,AB,Alberta,Edmonton,
T6T,AB,Alberta,Edmonton,
T6V,AB,Alberta,Edmonton,
T6W,AB,Alberta,Edmonton,
T6X,AB,Alberta,Edmonton,
T7A,AB,Alberta,Drayton Valley,
T7E,AB,Alberta,Edson,
T7N,AB,Alberta,Barrhead,
T7P,AB,Alberta,Westlock,
T7S,AB,Alberta,Whitecourt,
T7V,AB,Alberta,Hinton,
T7X,AB,Alberta,Spruce Grove,
T7Y,AB,Alberta,Spruce Grove,
T7Z,AB,Alberta,Stony Plain,
T8A,AB,Alberta,Sherwood Park,
T8B,AB,Alberta,Sherwood Park,
T8C,AB,Alberta,Sherwood Park,
T8E,AB,Alberta,Sherwood Park,
T8G,AB,Alberta,Sherwood Park,
T8H,AB,Alberta,Sherwood Park,
T8L,AB,Alberta,Fort Saskatchewan,
T8N,AB,Alberta,St. Albert,
T8R,AB,Alberta,Morinville,
T8S,AB,Alberta,Peace River,
T8T,AB,Alberta,St. Albert,
T8V,AB,Alberta,Grande Prairie,
T8W,AB,Alberta,Grande Prairie,
T8X,AB,Alberta,Grande Prairie,
T9A,AB,Alberta,Wetaskiwin,
T9C,AB,Alberta,Vegreville,
T9E,AB,Alberta,Leduc,
T9G,AB,Alberta,Devon,
T9H,AB,Alberta,Fort McMurray,
T9J,AB,Alberta,Fort McMurray,
T9K,AB,Alberta,Fort McMurray,
T9M,AB,Alberta,Cold Lake,
T9N,AB,Alberta,Bonnyville,
T9S,AB,Alberta,Athabasca,
T9V,AB,Alberta,Lloydminster,
T9W,AB,Alberta,Wainwright,
T9X,AB,Alberta,Vermilion,
V5K,BC,British Columbia,Vancouver,
V5L,BC,British Columbia,Vancouver,
V5M,BC,British Columbia,Vancouver,
V5N,BC,British Columbia,Vancouver,
V5P,BC,British Columbia,Vancouver,
V5R,BC,British Columbia,Vancouver,
V5S,BC,British Columbia,Vancouver,
V5T,BC,British Columbia,Vancouver,
V5V,BC,British Columbia,Vancouver,
V5W,BC,British Columbia,Vancouver,
V5X,BC,British Columbia,Vancouver,
V5Y,BC,British Columbia,Vancouver,
V5Z,BC,British Columbia,Vancouver,
V6A,BC,British Columbia,Vancouver,
V6B,BC,British Columbia,Vancouver,
V6C,BC,British Columbia,Vancouver,
V6E,BC,British Columbia,Vancouver,
V6G,BC,British Columbia,Vancouver,
V6H,BC,British Columbia,Vancouver,
V6J,BC,British Columbia,Vancouver,
V6K,BC,British Columbia,Vancouver,
V6L,BC,British Columbia,Vancouver,
V6M,BC,British Columbia,Vancouver,
V6N,BC,British Columbia,Vancouver,
V6P,BC,British Columbia,Vancouver,
V6R,BC,British Columbia,Vancouver,
V6S,BC,British Columbia,Vancouver,
V6T,BC,British Columbia,Vancouver,
V6Z,BC,British Columbia,Vancouver,
V7G,BC,British Columbia,Vancouver,
V7H,BC,British Columbia,Vancouver,
V7J,BC,British Columbia,Vancouver,
V7K,BC,British Columbia,Vancouver,
V7L,BC,British Columbia,Vancouver,
V7M,BC,British Columbia,Vancouver,
V7N,BC,British Columbia,Vancouver,
V7P,BC,British Columbia,Vancouver,
V7R,BC,British Columbia,Vancouver,
V7S,BC,British Columbia,Vancouver,
V7T,BC,British Columbia,Vancouver,
V7V,BC,British Columbia,Vancouver,
V7W,BC,British Columbia,Vancouver,
V7X,BC,British Columbia,Vancouver,
V7Y,BC,British Columbia,Vancouver,
V0A,BC,British Columbia,Upper Columbia Region,
V0B,BC,British Columbia,East Kootenays,
V0C,BC,British Columbia,Northern British Columbia,
V0E,BC,British Columbia,Central Okanagan and High Country,
V0G,BC,British Columbia,West Kootenays,
V0H,BC,British Columbia,South Okanagan,
V0J,BC,British Columbia,Omineca and Yellowhead,
V0K,BC,British Columbia,Cariboo and West Okanagan,
V0L,BC,British Columbia,Chilcotin,
V0M,BC,British Columbia,Harrison Lake Region,
V0N,BC,British Columbia,North Island, Sunshine Coast, and Southern Gulf Islands,
V0P,BC,British Columbia,North Central Island and Bute Inlet Region,
V0R,BC,British Columbia,Central Island,
V0S,BC,British Columbia,Juan de Fuca Shore,
V0T,BC,British Columbia,Inside Passage and the Queen Charlottes,
V0V,BC,British Columbia,Lower Skeena,
V0W,BC,British Columbia,Atlin Region,
V0X,BC,British Columbia,Similkameen,
V1A,BC,British Columbia,Kimberley,
V1B,BC,British Columbia,Vernon,
V1C,BC,British Columbia,Cranbrook,
V1E,BC,British Columbia,Salmon Arm,
V1G,BC,British Columbia,Dawson Creek,
V1H,BC,British Columbia,Vernon,
V1J,BC,British Columbia,Fort St. John,
V1K,BC,British Columbia,Merritt,
V1L,BC,British Columbia,Nelson,
V1M,BC,British Columbia,Langley Township North,
V1N,BC,British Columbia,Castlegar,
V1P,BC,British Columbia,Kelowna,
V1R,BC,British Columbia,Trail,
V1S,BC,British Columbia,Kamloops Southwest,
V1T,BC,British Columbia,Vernon,
V1V,BC,British Columbia,Kelowna,
V1W,BC,British Columbia,Kelowna,
V1X,BC,British Columbia,Kelowna,
V1Y,BC,British Columbia,Kelowna,
V1Z,BC,British Columbia,Kelowna,
V2A,BC,British Columbia,Penticton,
V2B,BC,British Columbia,Kamloops,
V2C,BC,British Columbia,Kamloops,
V2E,BC,British Columbia,Kamloops,
V2G,BC,British Columbia,Williams Lake,
V2H,BC,British Columbia,Kamloops,
V2J,BC,British Columbia,Quesnel,
V2K,BC,British Columbia,Prince George,
V2L,BC,British Columbia,Prince George,
V2M,BC,British Columbia,Prince George,
V2N,BC,British Columbia,Prince George,
V2P,BC,British Columbia,Chilliwack,
V2R,BC,British Columbia,Chilliwack,
V2S,BC,British Columbia,Abbotsford,
V2T,BC,British Columbia,Abbotsford,
V2V,BC,British Columbia,Mission East,
V2W,BC,British Columbia,Maple Ridge,
V2X,BC,British Columbia,Maple Ridge,
V2Y,BC,British Columbia,Langley Township,
V2Z,BC,British Columbia,Langley Township,
V3A,BC,British Columbia,Langley City,
V3B,BC,British Columbia,Port Coquitlam,
V3C,BC,British Columbia,Port Coquitlam,
V3E,BC,British Columbia,Port Coquitlam,
V3G,BC,British Columbia,Abbotsford East,
V3H,BC,British Columbia,Port Moody,
V3J,BC,British Columbia,Coquitlam,
V3K,BC,British Columbia,Coquitlam,
V3L,BC,British Columbia,New Westminster,
V3M,BC,British Columbia,New Westminster,
V3N,BC,British Columbia,Burnaby,
V3R,BC,British Columbia,Surrey,
V3S,BC,British Columbia,Surrey,
V3T,BC,British Columbia,Surrey,
V3V,BC,British Columbia,Surrey,
V3W,BC,British Columbia,Surrey,
V3X,BC,British Columbia,Surrey,
V3Y,BC,British Columbia,Pitt Meadows,
V3Y,BC,British Columbia,Pitt Meadows,
V3Z,BC,British Columbia,Surrey,
V4A,BC,British Columbia,Surrey,
V4B,BC,British Columbia,White Rock,
V4C,BC,British Columbia,Delta,
V4E,BC,British Columbia,Delta,
V4G,BC,British Columbia,Delta,
V4K,BC,British Columbia,Delta,
V4L,BC,British Columbia,Delta,
V4M,BC,British Columbia,Delta,
V4N,BC,British Columbia,Surrey,
V4P,BC,British Columbia,Surrey,
V4R,BC,British Columbia,Maple Ridge Northwest,
V4S,BC,British Columbia,Mission West,
V4T,BC,British Columbia,Westbank,
V4V,BC,British Columbia,Winfield,
V4W,BC,British Columbia,Langley Township East,
V4X,BC,British Columbia,Abbotsford West,
V4Z,BC,British Columbia,Chilliwack East,
V5A,BC,British Columbia,Burnaby,
V5B,BC,British Columbia,Burnaby,
V5C,BC,British Columbia,Burnaby,
V5E,BC,British Columbia,Burnaby,
V5G,BC,British Columbia,Burnaby,
V5H,BC,British Columbia,Burnaby,
V5J,BC,British Columbia,Burnaby,
V6V,BC,British Columbia,Richmond,
V6W,BC,British Columbia,Richmond,
V6X,BC,British Columbia,Richmond,
V6Y,BC,British Columbia,Richmond,
V7A,BC,British Columbia,Richmond,
V7B,BC,British Columbia,Richmond,
V7C,BC,British Columbia,Richmond,
V7E,BC,British Columbia,Richmond,
V8A,BC,British Columbia,Powell River,
V8B,BC,British Columbia,Squamish,
V8C,BC,British Columbia,Kitimat,
V8E,BC,British Columbia,Whistler,
V8G,BC,British Columbia,Terrace,
V8J,BC,British Columbia,Prince Rupert,
V8K,BC,British Columbia,Saltspring Island,
V8L,BC,British Columbia,Sidney,
V8M,BC,British Columbia,Central Saanich,
V8N,BC,British Columbia,Saanich,
V8P,BC,British Columbia,Saanich,
V8R,BC,British Columbia,Oak Bay,
V8S,BC,British Columbia,Oak Bay,
V8T,BC,British Columbia,Victoria,
V8V,BC,British Columbia,Victoria,
V8W,BC,British Columbia,Victoria,
V8X,BC,British Columbia,Saanich,
V8Y,BC,British Columbia,Saanich,
V8Z,BC,British Columbia,Saanich,
V9A,BC,British Columbia,Esquimalt,
V9B,BC,British Columbia,Highlands,
V9C,BC,British Columbia,Metchosin,
V9E,BC,British Columbia,Saanich West,
V9G,BC,British Columbia,Ladysmith,
V9H,BC,British Columbia,Campbell River,
V9J,BC,British Columbia,Courtenay,
V9K,BC,British Columbia,Qualicum Beach,
V9L,BC,British Columbia,Duncan,
V9M,BC,British Columbia,Comox,
V9N,BC,British Columbia,Courtenay,
V9P,BC,British Columbia,Parksville,
V9R,BC,British Columbia,Nanaimo,
V9S,BC,British Columbia,Nanaimo,
V9T,BC,British Columbia,Nanaimo,
V9V,BC,British Columbia,Nanaimo,
V9W,BC,British Columbia,Campbell River,
V9X,BC,British Columbia,Cedar,
V9Y,BC,British Columbia,Port Alberni,
V9Z,BC,British Columbia,Sooke,
R5K,MB,Manitoba,Taché,
R0A,MB,Manitoba,Southeastern Manitoba,
R0B,MB,Manitoba,Northern Manitoba,
R0C,MB,Manitoba,North Interlake,
R0E,MB,Manitoba,Eastern Manitoba,
R0G,MB,Manitoba,South,
R0H,MB,Manitoba,South,
R0J,MB,Manitoba,Riding Mountain,
R0K,MB,Manitoba,Brandon Region,
R0L,MB,Manitoba,Western Manitoba,
R0M,MB,Manitoba,Southwestern Manitoba,
R1A,MB,Manitoba,Selkirk,
R1B,MB,Manitoba,Lockport,
R1C,MB,Manitoba,Narol,
R1N,MB,Manitoba,Portage la Prairie,
R2C,MB,Manitoba,Winnipeg,
R2E,MB,Manitoba,East St. Paul,
R2G,MB,Manitoba,Winnipeg,
R2H,MB,Manitoba,Winnipeg,
R2J,MB,Manitoba,Winnipeg,
R2K,MB,Manitoba,Winnipeg,
R2L,MB,Manitoba,Winnipeg,
R2M,MB,Manitoba,Winnipeg,
R2N,MB,Manitoba,Winnipeg,
R2P,MB,Manitoba,Winnipeg,
R2R,MB,Manitoba,Winnipeg,
R2V,MB,Manitoba,Winnipeg,
R2W,MB,Manitoba,Winnipeg,
R2X,MB,Manitoba,Winnipeg,
R2Y,MB,Manitoba,Winnipeg,
R3A,MB,Manitoba,Winnipeg,
R3B,MB,Manitoba,Winnipeg,
R3C,MB,Manitoba,Winnipeg,
R3E,MB,Manitoba,Winnipeg,
R3G,MB,Manitoba,Winnipeg,
R3H,MB,Manitoba,Winnipeg,
R3J,MB,Manitoba,Winnipeg,
R3K,MB,Manitoba,Winnipeg,
R3L,MB,Manitoba,Winnipeg,
R3M,MB,Manitoba,Winnipeg,
R3N,MB,Manitoba,Winnipeg,
R3P,MB,Manitoba,Winnipeg,
R3R,MB,Manitoba,Winnipeg,
R3S,MB,Manitoba,Winnipeg,
R3T,MB,Manitoba,Winnipeg,
R3V,MB,Manitoba,Winnipeg,
R3W,MB,Manitoba,Winnipeg,
R3X,MB,Manitoba,Winnipeg,
R3Y,MB,Manitoba,Winnipeg,
R4A,MB,Manitoba,West St. Paul,
R4G,MB,Manitoba,Oak Bluff,
R4H,MB,Manitoba,Headingley,
R4J,MB,Manitoba,Headingley,
R4K,MB,Manitoba,Cartier,
R4L,MB,Manitoba,St. Francois Xavier,
R5A,MB,Manitoba,St. Adolphe,
R5G,MB,Manitoba,Steinbach,
R5H,MB,Manitoba,Ste. Anne,
R6M,MB,Manitoba,Morden,
R6W,MB,Manitoba,Winkler,
R7A,MB,Manitoba,Brandon,
R7B,MB,Manitoba,Brandon,
R7C,MB,Manitoba,Brandon,
R7N,MB,Manitoba,Dauphin,
R8A,MB,Manitoba,Flin Flon,
R8N,MB,Manitoba,Thompson,
R9A,MB,Manitoba,The Pas,
E1A,NB,New Brunswick,Dieppe Moncton East,
E1B,NB,New Brunswick,Riverview,
E1C,NB,New Brunswick,Moncton,
E1E,NB,New Brunswick,Moncton,
E1G,NB,New Brunswick,Moncton,
E1H,NB,New Brunswick,Lakeville, Shediac Bridge,
E1J,NB,New Brunswick,Coverdale,
E1N,NB,New Brunswick,Miramichi,
E1V,NB,New Brunswick,Miramichi,
E1W,NB,New Brunswick,Caraquet,
E1X,NB,New Brunswick,Tracadie-Sheila,
E2A,NB,New Brunswick,Bathurst,
E2E,NB,New Brunswick,Rothesay, Quispamsis,
E2G,NB,New Brunswick,Quispamsis,
E2H,NB,New Brunswick,Saint John,
E2J,NB,New Brunswick,Saint John,
E2K,NB,New Brunswick,Saint John,
E2L,NB,New Brunswick,Saint John,
E2M,NB,New Brunswick,Saint John,
E2N,NB,New Brunswick,Saint John,
E2P,NB,New Brunswick,Saint John,
E2R,NB,New Brunswick,Saint John,
E2S,NB,New Brunswick,Saint John,
E2V,NB,New Brunswick,Oromocto,
E3A,NB,New Brunswick,Fredericton,
E3B,NB,New Brunswick,Fredericton,
E3C,NB,New Brunswick,Fredericton,
E3E,NB,New Brunswick,Kingsclear,
E3G,NB,New Brunswick,Fredericton,
E3L,NB,New Brunswick,St. Stephen,
E3N,NB,New Brunswick,Campbellton,
E3V,NB,New Brunswick,Edmundston,
E3Y,NB,New Brunswick,Grand Falls,
E3Z,NB,New Brunswick,Grand Falls,
E4A,NB,New Brunswick,Bathurst,
E4B,NB,New Brunswick,Minto,
E4C,NB,New Brunswick,Youngs Cove,
E4E,NB,New Brunswick,Sussex,
E4G,NB,New Brunswick,Smiths Creek,
E4H,NB,New Brunswick,Hillsborough,
E4J,NB,New Brunswick,Salisbury,
E4K,NB,New Brunswick,Dorchester,
E4L,NB,New Brunswick,Sackville,
E4M,NB,New Brunswick,Bayfield,
E4N,NB,New Brunswick,Cap-Pelé,
E4P,NB,New Brunswick,Shediac,
E4R,NB,New Brunswick,Cocagne,
E4S,NB,New Brunswick,Bouctouche,
E4T,NB,New Brunswick,Bass River,
E4V,NB,New Brunswick,Saint-Antoine,
E4W,NB,New Brunswick,Richibucto,
E4X,NB,New Brunswick,St-Louis-de-Kent,
E4Y,NB,New Brunswick,Rogersville,
E4Z,NB,New Brunswick,Petitcodiac,
E5A,NB,New Brunswick,Moores Mills,
E5B,NB,New Brunswick,St. Andrews,
E5C,NB,New Brunswick,St. George,
E5E,NB,New Brunswick,Campobello Island,
E5G,NB,New Brunswick,Grand,
E5H,NB,New Brunswick,Pennfield,
E5J,NB,New Brunswick,Lepreau,
E5K,NB,New Brunswick,Grand,
E5L,NB,New Brunswick,Fredericton Junction,
E5M,NB,New Brunswick,Gagetown,
E5N,NB,New Brunswick,Hampton,
E5P,NB,New Brunswick,Apohaqui,
E5R,NB,New Brunswick,St. Martins,
E5S,NB,New Brunswick,Kingston,
E5T,NB,New Brunswick,Norton,
E5V,NB,New Brunswick,Deer Island,
E6A,NB,New Brunswick,Boiestown,
E6B,NB,New Brunswick,Stanley,
E6C,NB,New Brunswick,Durham Bridge,
E6E,NB,New Brunswick,Millville,
E6G,NB,New Brunswick,Nackawic,
E6H,NB,New Brunswick,Canterbury,
E6J,NB,New Brunswick,McAdam,
E6K,NB,New Brunswick,Harvey,
E6L,NB,New Brunswick,Burtts Corner,
E7A,NB,New Brunswick,Baker Brook,
E7B,NB,New Brunswick,Saint-Jacques,
E7C,NB,New Brunswick,Saint-Basile,
E7E,NB,New Brunswick,Saint-Leonard,
E7G,NB,New Brunswick,Plaster Rock,
E7H,NB,New Brunswick,Perth-Andover,
E7J,NB,New Brunswick,Bath,
E7K,NB,New Brunswick,Centreville,
E7L,NB,New Brunswick,Florenceville,
E7M,NB,New Brunswick,Woodstock,
E7N,NB,New Brunswick,Debec,
E7P,NB,New Brunswick,Hartland,
E8A,NB,New Brunswick,Saint-Quentin,
E8B,NB,New Brunswick,Kedgwick,
E8C,NB,New Brunswick,Dalhousie,
E8E,NB,New Brunswick,Balmoral,
E8G,NB,New Brunswick,Belledune,
E8J,NB,New Brunswick,Petit-Rocher,
E8K,NB,New Brunswick,Beresford,
E8L,NB,New Brunswick,Allardville,
E8M,NB,New Brunswick,Saint-Isidore,
E8N,NB,New Brunswick,Grande-Anse,
E8P,NB,New Brunswick,Inkerman,
E8R,NB,New Brunswick,Paquetville,
E8S,NB,New Brunswick,Shippagan,
E8T,NB,New Brunswick,Lamèque,
E9A,NB,New Brunswick,Baie-Sainte-Anne,
E9B,NB,New Brunswick,Blackville,
E9C,NB,New Brunswick,Doaktown,
E9E,NB,New Brunswick,Red Bank,
E9G,NB,New Brunswick,Neguac,
E9H,NB,New Brunswick,Brantville,
A0A,NL,Newfoundland and Labrador,Southeastern Avalon Peninsula,
A0B,NL,Newfoundland and Labrador,Western,
A0C,NL,Newfoundland and Labrador,Bonavista Peninsula,
A0E,NL,Newfoundland and Labrador,Burin Peninsula,
A0G,NL,Newfoundland and Labrador,Northeast Newfoundland,
A0H,NL,Newfoundland and Labrador,Central Newfoundland,
A0J,NL,Newfoundland and Labrador,Northern Newfoundland,
A0K,NL,Newfoundland and Labrador,Northwest Newfoundland/Eastern Labrador,
A0L,NL,Newfoundland and Labrador,Western,
A0M,NL,Newfoundland and Labrador,Southwestern Newfoundland,
A0N,NL,Newfoundland and Labrador,Port au Port Peninsula region,
A0P,NL,Newfoundland and Labrador,Central Labrador,
A0R,NL,Newfoundland and Labrador,North/Western Labrador,
A1A,NL,Newfoundland and Labrador,St. John's,
A1B,NL,Newfoundland and Labrador,St. John's,
A1C,NL,Newfoundland and Labrador,St. John's,
A1E,NL,Newfoundland and Labrador,St. John's,
A1G,NL,Newfoundland and Labrador,St. John's,
A1H,NL,Newfoundland and Labrador,St. John's,
A1K,NL,Newfoundland and Labrador,Torbay,
A1L,NL,Newfoundland and Labrador,Paradise,
A1M,NL,Newfoundland and Labrador,Portugal Cove-St. Philips,
A1N,NL,Newfoundland and Labrador,Mount Pearl,
A1S,NL,Newfoundland and Labrador,Goulds,
A1V,NL,Newfoundland and Labrador,Gander,
A1W,NL,Newfoundland and Labrador,Manuels,
A1X,NL,Newfoundland and Labrador,Conception Bay,
A1Y,NL,Newfoundland and Labrador,Carbonear,
A2A,NL,Newfoundland and Labrador,Grand Falls,
A2B,NL,Newfoundland and Labrador,Windsor,
A2H,NL,Newfoundland and Labrador,Corner Brook,
A2N,NL,Newfoundland and Labrador,Stephenville,
A2V,NL,Newfoundland and Labrador,Labrador City,
A5A,NL,Newfoundland and Labrador,Clarenville,
A8A,NL,Newfoundland and Labrador,Deer Lake,
B0C,NS,Nova Scotia,North Victoria County,
B0E,NS,Nova Scotia,West Cape Breton Island,
B0H,NS,Nova Scotia,Canso region,
B0J,NS,Nova Scotia,Mainland east shore,
B0K,NS,Nova Scotia,Southern Northumberland Strait,
B0L,NS,Nova Scotia,Isthmus of Chignecto,
B0M,NS,Nova Scotia,Cobequid Bay north shore,
B0N,NS,Nova Scotia,Hants County,
B0P,NS,Nova Scotia,Kings County,
B0R,NS,Nova Scotia,West Lunenburg County,
B0S,NS,Nova Scotia,West Annapolis County,
B0T,NS,Nova Scotia,Queens County,
B0V,NS,Nova Scotia,Digby Neck,
B0W,NS,Nova Scotia,Southwest Mainland,
B1A,NS,Nova Scotia,Glace Bay,
B1B,NS,Nova Scotia,Port Morien,
B1C,NS,Nova Scotia,Louisbourg,
B1E,NS,Nova Scotia,Reserve Mines,
B1G,NS,Nova Scotia,Dominion,
B1H,NS,Nova Scotia,New Waterford,
B1J,NS,Nova Scotia,East Bay,
B1K,NS,Nova Scotia,Marion Bridge,
B1L,NS,Nova Scotia,Sydney,
B1M,NS,Nova Scotia,Sydney,
B1N,NS,Nova Scotia,Sydney,
B1P,NS,Nova Scotia,Sydney,
B1R,NS,Nova Scotia,Sydney,
B1S,NS,Nova Scotia,Sydney,
B1T,NS,Nova Scotia,Christmas Island,
B1V,NS,Nova Scotia,North Sydney North,
B1W,NS,Nova Scotia,Eskasoni,
B1X,NS,Nova Scotia,Big Bras d'Or,
B1Y,NS,Nova Scotia,Alder Point,
B2A,NS,Nova Scotia,North Sydney South Central,
B2C,NS,Nova Scotia,Iona,
B2E,NS,Nova Scotia,Loch Lomond,
B2G,NS,Nova Scotia,Antigonish,
B2H,NS,Nova Scotia,New Glasgow,
B2J,NS,Nova Scotia,Fourchu,
B2N,NS,Nova Scotia,Truro,
B2R,NS,Nova Scotia,Waverley,
B2S,NS,Nova Scotia,Lantz,
B2T,NS,Nova Scotia,Enfield,
B2V,NS,Nova Scotia,Dartmouth,
B2W,NS,Nova Scotia,Dartmouth,
B2X,NS,Nova Scotia,Dartmouth,
B2Y,NS,Nova Scotia,Dartmouth,
B2Z,NS,Nova Scotia,Dartmouth,
B3A,NS,Nova Scotia,Dartmouth,
B3B,NS,Nova Scotia,Dartmouth,
B3E,NS,Nova Scotia,Porters Lake,
B3G,NS,Nova Scotia,Eastern Passage,
B3H,NS,Nova Scotia,Halifax,
B3J,NS,Nova Scotia,Halifax,
B3K,NS,Nova Scotia,Halifax,
B3L,NS,Nova Scotia,Halifax,
B3M,NS,Nova Scotia,Halifax,
B3N,NS,Nova Scotia,Halifax,
B3P,NS,Nova Scotia,Halifax,
B3R,NS,Nova Scotia,Halifax,
B3S,NS,Nova Scotia,Halifax,
B3T,NS,Nova Scotia,Lakeside,
B3V,NS,Nova Scotia,Harrietsfield,
B3Z,NS,Nova Scotia,Tantallon,
B4A,NS,Nova Scotia,Bedford,
B4B,NS,Nova Scotia,Bedford,
B4C,NS,Nova Scotia,Lower Sackville,
B4E,NS,Nova Scotia,Lower Sackville,
B4G,NS,Nova Scotia,Lower Sackville,
B4H,NS,Nova Scotia,Amherst,
B4N,NS,Nova Scotia,Kentville,
B4P,NS,Nova Scotia,Wolfville,
B4R,NS,Nova Scotia,Coldbrook,
B4V,NS,Nova Scotia,Bridgewater,
B5A,NS,Nova Scotia,Yarmouth,
B6L,NS,Nova Scotia,Truro,
B9A,NS,Nova Scotia,Port Hawkesbury,
X0E,NT,Northwest Territory,Central Northwest Territories,
X0G,NT,Northwest Territory,Southwestern Northwest Territories,
X1A,NT,Northwest Territory,Yellowknife,
X0A,NU,Nunavut Territory,Outer Nunavut,
X0B,NU,Nunavut Territory,Central Nunavut,
X0C,NU,Nunavut Territory,Inner Nunavut,
P0R,ON,Ontario,Algoma,
N3P,ON,Ontario,Brant,
N3R,ON,Ontario,Brant,
N3S,ON,Ontario,Brant,
N3T,ON,Ontario,Brant,
N3V,ON,Ontario,Brant,
L0N,ON,Ontario,Dufferin County,
K0H,ON,Ontario,Frontenac County,
L0P,ON,Ontario,Halton,
L9E,ON,Ontario,Halton,
L8E,ON,Ontario,Hamilton,
L8G,ON,Ontario,Hamilton,
L8H,ON,Ontario,Hamilton,
L8J,ON,Ontario,Hamilton,
L8K,ON,Ontario,Hamilton,
L8L,ON,Ontario,Hamilton,
L8M,ON,Ontario,Hamilton,
L8N,ON,Ontario,Hamilton,
L8P,ON,Ontario,Hamilton,
L8R,ON,Ontario,Hamilton,
L8S,ON,Ontario,Hamilton,
L8T,ON,Ontario,Hamilton,
L8V,ON,Ontario,Hamilton,
L8W,ON,Ontario,Hamilton,
L9A,ON,Ontario,Hamilton,
L9B,ON,Ontario,Hamilton,
L9C,ON,Ontario,Hamilton,
K0L,ON,Ontario,Peterborough County,
K0J,ON,Ontario,Renfrew County,
M3K,ON,Ontario,Toronto,
M4E,ON,Ontario,Toronto,
M4J,ON,Ontario,Toronto,
M4K,ON,Ontario,Toronto,
M4L,ON,Ontario,Toronto,
M4M,ON,Ontario,Toronto,
M4N,ON,Ontario,Toronto,
M4P,ON,Ontario,Toronto,
M4R,ON,Ontario,Toronto,
M4S,ON,Ontario,Toronto,
M4T,ON,Ontario,Toronto,
M4V,ON,Ontario,Toronto,
M4W,ON,Ontario,Toronto,
M4X,ON,Ontario,Toronto,
M4Y,ON,Ontario,Toronto,
M5A,ON,Ontario,Toronto,
M5B,ON,Ontario,Toronto,
M5C,ON,Ontario,Toronto,
M5E,ON,Ontario,Toronto,
M5G,ON,Ontario,Toronto,
M5H,ON,Ontario,Toronto,
M5J,ON,Ontario,Toronto,
M5K,ON,Ontario,Toronto,
M5L,ON,Ontario,Toronto,
M5N,ON,Ontario,Toronto,
M5P,ON,Ontario,Toronto,
M5R,ON,Ontario,Toronto,
M5S,ON,Ontario,Toronto,
M5T,ON,Ontario,Toronto,
M5V,ON,Ontario,Toronto,
M5W,ON,Ontario,Toronto,
M5X,ON,Ontario,Toronto,
M6G,ON,Ontario,Toronto,
M6H,ON,Ontario,Toronto,
M6J,ON,Ontario,Toronto,
M6K,ON,Ontario,Toronto,
M6P,ON,Ontario,Toronto,
M6R,ON,Ontario,Toronto,
M6S,ON,Ontario,Toronto,
M7Y,ON,Ontario,Toronto,
M8V,ON,Ontario,Toronto,
K1A,ON,Ontario,Ottawa,
K1G,ON,Ontario,Ottawa,
K1H,ON,Ontario,Ottawa,
K1K,ON,Ontario,Ottawa,
K1L,ON,Ontario,Ottawa,
K1M,ON,Ontario,Ottawa,
K1N,ON,Ontario,Ottawa,
K1P,ON,Ontario,Ottawa,
K1R,ON,Ontario,Ottawa,
K1S,ON,Ontario,Ottawa,
K1V,ON,Ontario,Ottawa,
K1Y,ON,Ontario,Ottawa,
K1Z,ON,Ontario,Ottawa,
K2A,ON,Ontario,Ottawa,
K2B,ON,Ontario,Ottawa,
K2C,ON,Ontario,Ottawa,
K2P,ON,Ontario,Ottawa,
K0A,ON,Ontario,National Capital Region,
K0B,ON,Ontario,Prescott and Russell United Counties,
K0C,ON,Ontario,Stormont, Dundas and Glengarry United Counties,
K0E,ON,Ontario,South Leeds and Grenville United Counties,
K0G,ON,Ontario,Rideau Lakes area,
K0K,ON,Ontario,Quinte Shores, East Northumberland County & Prince Edward County,
K0M,ON,Ontario,Kawartha lakes and Haliburton County,
K1B,ON,Ontario,Gloucester,
K1C,ON,Ontario,Gloucester,
K1E,ON,Ontario,Orleans,
K1J,ON,Ontario,Gloucester,
K1T,ON,Ontario,Gloucester,
K1W,ON,Ontario,Gloucester,
K1X,ON,Ontario,Gloucester,
K2E,ON,Ontario,Nepean,
K2G,ON,Ontario,Nepean,
K2H,ON,Ontario,Nepean,
K2J,ON,Ontario,Nepean,
K2K,ON,Ontario,Kanata,
K2L,ON,Ontario,Kanata,
K2M,ON,Ontario,Kanata,
K2R,ON,Ontario,Nepean,
K2S,ON,Ontario,Stittsville,
K2T,ON,Ontario,Kanata,
K2V,ON,Ontario,Kanata,
K2W,ON,Ontario,Kanata,
K4A,ON,Ontario,Orleans,
K4B,ON,Ontario,Cumberland Township,
K4C,ON,Ontario,Cumberland,
K4K,ON,Ontario,Rockland,
K4M,ON,Ontario,Manotick,
K4P,ON,Ontario,Greely,
K4R,ON,Ontario,Russell,
K6A,ON,Ontario,Hawkesbury,
K6H,ON,Ontario,Cornwall,
K6J,ON,Ontario,Cornwall,
K6K,ON,Ontario,Cornwall,
K6T,ON,Ontario,Elizabethtown,
K6V,ON,Ontario,Brockville,
K7A,ON,Ontario,Smiths Falls,
K7C,ON,Ontario,Carleton Place,
K7G,ON,Ontario,Gananoque,
K7H,ON,Ontario,Perth,
K7K,ON,Ontario,Kingston,
K7L,ON,Ontario,Kingston,
K7M,ON,Ontario,Kingston,
K7N,ON,Ontario,Amherstview,
K7P,ON,Ontario,Kingston,
K7R,ON,Ontario,Napanee,
K7S,ON,Ontario,Arnprior,
K7V,ON,Ontario,Renfrew,
K8A,ON,Ontario,Pembroke,
K8B,ON,Ontario,Pembroke,
K8H,ON,Ontario,Petawawa,
K8N,ON,Ontario,Belleville,
K8P,ON,Ontario,Belleville,
K8R,ON,Ontario,Belleville,
K8V,ON,Ontario,Trenton,
K9A,ON,Ontario,Cobourg,
K9H,ON,Ontario,Peterborough,
K9J,ON,Ontario,Peterborough,
K9K,ON,Ontario,Peterborough,
K9L,ON,Ontario,Peterborough,
K9V,ON,Ontario,Lindsay,
L0A,ON,Ontario,West Northumberland County,
L0B,ON,Ontario,East Durham Regional Municipality,
L0C,ON,Ontario,West Durham Regional Municipality,
L0E,ON,Ontario,Lake Simcoe,
L0G,ON,Ontario,Ontario Centre,
L0H,ON,Ontario,Whitby Region,
L0J,ON,Ontario,North Peel Regional Municipality,
L0K,ON,Ontario,Lake Simcoe,
L0L,ON,Ontario,Lake Simcoe,
L0M,ON,Ontario,Georgian Bay South Shore,
L0R,ON,Ontario,East Haldimand County,
L0S,ON,Ontario,Niagara Regional Municipality,
L1A,ON,Ontario,Port Hope,
L1B,ON,Ontario,Bowmanville,
L1C,ON,Ontario,Bowmanville,
L1E,ON,Ontario,Courtice,
L1G,ON,Ontario,Oshawa,
L1H,ON,Ontario,Oshawa,
L1J,ON,Ontario,Oshawa,
L1K,ON,Ontario,Oshawa,
L1L,ON,Ontario,Oshawa,
L1M,ON,Ontario,Whitby,
L1N,ON,Ontario,Whitby,
L1P,ON,Ontario,Whitby,
L1R,ON,Ontario,Whitby,
L1S,ON,Ontario,Ajax,
L1T,ON,Ontario,Ajax,
L1V,ON,Ontario,Pickering,
L1W,ON,Ontario,Pickering,
L1X,ON,Ontario,Pickering,
L1Y,ON,Ontario,Pickering,
L1Z,ON,Ontario,Ajax,
L2A,ON,Ontario,Fort Erie,
L2E,ON,Ontario,Niagara Falls,
L2G,ON,Ontario,Niagara Falls,
L2H,ON,Ontario,Niagara Falls,
L2J,ON,Ontario,Niagara Falls,
L2M,ON,Ontario,St. Catharines,
L2N,ON,Ontario,St. Catharines,
L2P,ON,Ontario,St. Catharines,
L2R,ON,Ontario,St. Catharines,
L2S,ON,Ontario,St. Catharines,
L2T,ON,Ontario,St. Catharines,
L2V,ON,Ontario,St. Catharines,
L2W,ON,Ontario,St. Catharines,
L3B,ON,Ontario,Welland,
L3C,ON,Ontario,Welland,
L3K,ON,Ontario,Port Colborne,
L3M,ON,Ontario,Grimsby,
L3P,ON,Ontario,Markham,
L3R,ON,Ontario,Markham,
L3S,ON,Ontario,Markham,
L3T,ON,Ontario,Thornhill East,
L3V,ON,Ontario,Orillia,
L3X,ON,Ontario,Newmarket,
L3Y,ON,Ontario,Newmarket,
L3Z,ON,Ontario,Bradford,
L4A,ON,Ontario,Stouffville,
L4B,ON,Ontario,Richmond Hill,
L4C,ON,Ontario,Richmond Hill,
L4E,ON,Ontario,Richmond Hill,
L4G,ON,Ontario,Aurora,
L4H,ON,Ontario,Woodbridge,
L4J,ON,Ontario,Thornhill West,
L4K,ON,Ontario,Concord,
L4L,ON,Ontario,Woodbridge,
L4M,ON,Ontario,Barrie,
L4N,ON,Ontario,Barrie,
L4P,ON,Ontario,Keswick,
L4R,ON,Ontario,Midland,
L4S,ON,Ontario,Richmond Hill,
L4T,ON,Ontario,Mississauga,
L4V,ON,Ontario,Mississauga,
L4W,ON,Ontario,Mississauga,
L4X,ON,Ontario,Mississauga,
L4Y,ON,Ontario,Mississauga,
L4Z,ON,Ontario,Mississauga,
L5A,ON,Ontario,Mississauga,
L5B,ON,Ontario,Mississauga,
L5C,ON,Ontario,Mississauga,
L5E,ON,Ontario,Mississauga,
L5G,ON,Ontario,Mississauga,
L5H,ON,Ontario,Mississauga,
L5J,ON,Ontario,Mississauga,
L5K,ON,Ontario,Mississauga,
L5L,ON,Ontario,Mississauga,
L5M,ON,Ontario,Mississauga,
L5N,ON,Ontario,Mississauga,
L5P,ON,Ontario,Mississauga,
L5R,ON,Ontario,Mississauga,
L5S,ON,Ontario,Mississauga,
L5T,ON,Ontario,Mississauga,
L5V,ON,Ontario,Mississauga,
L5W,ON,Ontario,Mississauga,
L6A,ON,Ontario,Maple,
L6B,ON,Ontario,Markham,
L6C,ON,Ontario,Markham,
L6E,ON,Ontario,Markham,
L6G,ON,Ontario,Markham,
L6H,ON,Ontario,Oakville,
L6J,ON,Ontario,Oakville,
L6K,ON,Ontario,Oakville,
L6L,ON,Ontario,Oakville,
L6M,ON,Ontario,Oakville,
L6P,ON,Ontario,Brampton,
L6R,ON,Ontario,Brampton,
L6S,ON,Ontario,Brampton,
L6T,ON,Ontario,Brampton,
L6V,ON,Ontario,Brampton,
L6W,ON,Ontario,Brampton,
L6X,ON,Ontario,Brampton,
L6Y,ON,Ontario,Brampton,
L6Z,ON,Ontario,Brampton,
L7A,ON,Ontario,Brampton West,
L7B,ON,Ontario,King City,
L7C,ON,Ontario,Caledon,
L7E,ON,Ontario,Bolton,
L7G,ON,Ontario,Georgetown,
L7J,ON,Ontario,Acton,
L7K,ON,Ontario,Caledon Village,
L7L,ON,Ontario,Burlington,
L7M,ON,Ontario,Burlington,
L7N,ON,Ontario,Burlington,
L7P,ON,Ontario,Burlington,
L7R,ON,Ontario,Burlington,
L7S,ON,Ontario,Burlington,
L7T,ON,Ontario,Burlington,
L8B,ON,Ontario,Waterdown,
L9G,ON,Ontario,Ancaster,
L9H,ON,Ontario,Dundas,
L9J,ON,Ontario,Barrie,
L9K,ON,Ontario,Ancaster,
L9L,ON,Ontario,Port Perry,
L9M,ON,Ontario,Penetanguishene,
L9N,ON,Ontario,Holland Landing,
L9P,ON,Ontario,Uxbridge,
L9R,ON,Ontario,Alliston,
L9S,ON,Ontario,Innisfil,
L9T,ON,Ontario,Milton,
L9V,ON,Ontario,Orangeville,
L9W,ON,Ontario,Orangeville,
L9X,ON,Ontario,Midhurst,
L9X,ON,Ontario,Barrie,
L9X,ON,Ontario,Springwater,
L9X,ON,Ontario,Minesing,
L9Y,ON,Ontario,Collingwood,
L9Z,ON,Ontario,Wasaga Beach,
M1B,ON,Ontario,Scarborough,
M1C,ON,Ontario,Scarborough,
M1E,ON,Ontario,Scarborough,
M1G,ON,Ontario,Scarborough,
M1H,ON,Ontario,Scarborough,
M1J,ON,Ontario,Scarborough,
M1K,ON,Ontario,Scarborough,
M1L,ON,Ontario,Scarborough,
M1M,ON,Ontario,Scarborough,
M1N,ON,Ontario,Scarborough,
M1P,ON,Ontario,Scarborough,
M1R,ON,Ontario,Scarborough,
M1S,ON,Ontario,Scarborough,
M1T,ON,Ontario,Scarborough,
M1V,ON,Ontario,Scarborough,
M1W,ON,Ontario,Scarborough,
M1X,ON,Ontario,Scarborough,
M2H,ON,Ontario,North York,
M2J,ON,Ontario,North York,
M2K,ON,Ontario,North York,
M2L,ON,Ontario,North York,
M2M,ON,Ontario,Willowdale,
M2N,ON,Ontario,Willowdale,
M2P,ON,Ontario,North York,
M2R,ON,Ontario,Willowdale,
M3A,ON,Ontario,North York,
M3B,ON,Ontario,Don Mills,
M3C,ON,Ontario,Don Mills,
M3H,ON,Ontario,North York,
M3J,ON,Ontario,North York,
M3L,ON,Ontario,Downsview,
M3M,ON,Ontario,Downsview,
M3N,ON,Ontario,North York,
M4A,ON,Ontario,North York,
M4B,ON,Ontario,East York,
M4C,ON,Ontario,East York,
M4G,ON,Ontario,East York,
M4H,ON,Ontario,East York,
M5M,ON,Ontario,North York,
M6A,ON,Ontario,North York,
M6B,ON,Ontario,North York,
M6C,ON,Ontario,York,
M6E,ON,Ontario,York,
M6L,ON,Ontario,North York,
M6M,ON,Ontario,York,
M6N,ON,Ontario,York,
M7A,ON,Ontario,Queen's Park Ontario Provincial Government,
M8W,ON,Ontario,Etobicoke,
M8X,ON,Ontario,Etobicoke,
M8Y,ON,Ontario,Etobicoke,
M8Z,ON,Ontario,Etobicoke,
M9A,ON,Ontario,Etobicoke,
M9B,ON,Ontario,Etobicoke,
M9C,ON,Ontario,Etobicoke,
M9L,ON,Ontario,North York,
M9M,ON,Ontario,North York,
M9N,ON,Ontario,Weston,
M9P,ON,Ontario,Etobicoke,
M9R,ON,Ontario,Etobicoke,
M9V,ON,Ontario,Etobicoke,
M9W,ON,Ontario,Etobicoke,
N0A,ON,Ontario,West Haldimand,
N0B,ON,Ontario,Wellington,
N0C,ON,Ontario,Georgian Bay Southwest Shore,
N0E,ON,Ontario,Brant and Norfolk,
N0G,ON,Ontario,Huron,
N0H,ON,Ontario,Bruce Peninsula,
N0J,ON,Ontario,Oxford,
N0K,ON,Ontario,Perth,
N0L,ON,Ontario,Elgin,
N0M,ON,Ontario,Middlesex,
N0N,ON,Ontario,Lambton,
N0P,ON,Ontario,Kent,
N0R,ON,Ontario,Essex,
N1A,ON,Ontario,Dunnville,
N1C,ON,Ontario,Guelph,
N1E,ON,Ontario,Guelph,
N1G,ON,Ontario,Guelph,
N1H,ON,Ontario,Guelph,
N1K,ON,Ontario,Guelph,
N1L,ON,Ontario,Guelph,
N1M,ON,Ontario,Fergus,
N1P,ON,Ontario,Cambridge,
N1R,ON,Ontario,Cambridge,
N1S,ON,Ontario,Cambridge,
N1T,ON,Ontario,Cambridge,
N2A,ON,Ontario,Kitchener,
N2B,ON,Ontario,Kitchener,
N2C,ON,Ontario,Kitchener,
N2E,ON,Ontario,Kitchener,
N2G,ON,Ontario,Kitchener,
N2H,ON,Ontario,Kitchener,
N2J,ON,Ontario,Waterloo,
N2K,ON,Ontario,Kitchener,
N2L,ON,Ontario,Waterloo,
N2M,ON,Ontario,Kitchener,
N2N,ON,Ontario,Kitchener,
N2P,ON,Ontario,Kitchener,
N2R,ON,Ontario,Kitchener,
N2T,ON,Ontario,Waterloo,
N2V,ON,Ontario,Waterloo,
N2Z,ON,Ontario,Kincardine,
N3A,ON,Ontario,Baden,
N3B,ON,Ontario,Elmira,
N3C,ON,Ontario,Cambridge,
N3E,ON,Ontario,Cambridge,
N3H,ON,Ontario,Cambridge,
N3L,ON,Ontario,Paris,
N3W,ON,Ontario,Caledonia,
N3Y,ON,Ontario,Simcoe,
N4B,ON,Ontario,Delhi,
N4G,ON,Ontario,Tillsonburg,
N4K,ON,Ontario,Owen Sound,
N4L,ON,Ontario,Meaford,
N4N,ON,Ontario,Hanover,
N4S,ON,Ontario,Woodstock,
N4T,ON,Ontario,Woodstock,
N4V,ON,Ontario,Woodstock,
N4W,ON,Ontario,Listowel,
N4X,ON,Ontario,St. Mary's,
N4Z,ON,Ontario,Stratford South,
N5A,ON,Ontario,Stratford North,
N5C,ON,Ontario,Ingersoll,
N5H,ON,Ontario,Aylmer,
N5L,ON,Ontario,Port Stanley,
N5P,ON,Ontario,St. Thomas,
N5R,ON,Ontario,St. Thomas,
N5V,ON,Ontario,London,
N5W,ON,Ontario,London,
N5X,ON,Ontario,London,
N5Y,ON,Ontario,London,
N5Z,ON,Ontario,London,
N6A,ON,Ontario,London,
N6B,ON,Ontario,London,
N6C,ON,Ontario,London,
N6E,ON,Ontario,London,
N6G,ON,Ontario,London,
N6H,ON,Ontario,London,
N6J,ON,Ontario,London,
N6K,ON,Ontario,London,
N6L,ON,Ontario,London,
N6M,ON,Ontario,London,
N6N,ON,Ontario,London,
N6P,ON,Ontario,London,
N7A,ON,Ontario,Goderich,
N7G,ON,Ontario,Strathroy,
N7L,ON,Ontario,Chatham,
N7M,ON,Ontario,Chatham,
N7S,ON,Ontario,Sarnia,
N7T,ON,Ontario,Sarnia,
N7V,ON,Ontario,Sarnia,
N7W,ON,Ontario,Sarnia,
N7X,ON,Ontario,Sarnia,
N8A,ON,Ontario,Wallaceburg,
N8H,ON,Ontario,Leamington,
N8M,ON,Ontario,Essex,
N8N,ON,Ontario,Tecumseh,
N8P,ON,Ontario,Windsor,
N8R,ON,Ontario,Windsor,
N8S,ON,Ontario,Windsor,
N8T,ON,Ontario,Windsor,
N8V,ON,Ontario,Tecumseh,
N8W,ON,Ontario,Windsor,
N8X,ON,Ontario,Windsor,
N8Y,ON,Ontario,Windsor,
N9A,ON,Ontario,Windsor,
N9B,ON,Ontario,Windsor,
N9C,ON,Ontario,Windsor,
N9E,ON,Ontario,Windsor,
N9G,ON,Ontario,Windsor,
N9H,ON,Ontario,La Salle,
N9J,ON,Ontario,La Salle,
N9K,ON,Ontario,Tecumseh Central,
N9V,ON,Ontario,Amherstburg,
N9Y,ON,Ontario,Kingsville,
P0A,ON,Ontario,Nipissing,
P0B,ON,Ontario,Nipissing,
P0C,ON,Ontario,Parry Sound,
P0E,ON,Ontario,Parry Sound,
P0G,ON,Ontario,Parry Sound,
P0H,ON,Ontario,Nipissing,
P0J,ON,Ontario,Timiskaming,
P0K,ON,Ontario,Timiskaming,
P0L,ON,Ontario,Cochrane Region,
P0M,ON,Ontario,Algoma, Sudbury District and Greater Sudbury,
P0N,ON,Ontario,Timmins Region,
P0P,ON,Ontario,Manitoulin,
P0S,ON,Ontario,Lake Superior,
P0T,ON,Ontario,Lake Superior,
P0V,ON,Ontario,Northwestern Ontario,
P0W,ON,Ontario,Rainy River Region,
P0X,ON,Ontario,Kenora Region,
P0Y,ON,Ontario,Lake of the Woods East Shore,
P1A,ON,Ontario,North Bay,
P1B,ON,Ontario,North Bay,
P1C,ON,Ontario,North Bay,
P1H,ON,Ontario,Huntsville,
P1L,ON,Ontario,Bracebridge,
P1P,ON,Ontario,Gravenhurst,
P2A,ON,Ontario,Parry Sound,
P2B,ON,Ontario,Sturgeon Falls,
P2N,ON,Ontario,Kirkland Lake,
P3A,ON,Ontario,Greater Sudbury,
P3B,ON,Ontario,Greater Sudbury,
P3C,ON,Ontario,Greater Sudbury,
P3E,ON,Ontario,Greater Sudbury,
P3G,ON,Ontario,Greater Sudbury,
P3L,ON,Ontario,Greater Sudbury,
P3N,ON,Ontario,Greater Sudbury,
P3P,ON,Ontario,Greater Sudbury,
P3Y,ON,Ontario,Greater Sudbury,
P4N,ON,Ontario,Timmins,
P4P,ON,Ontario,Timmins,
P4R,ON,Ontario,Timmins,
P5A,ON,Ontario,Elliot Lake,
P5E,ON,Ontario,Espanola,
P5N,ON,Ontario,Kapuskasing,
P6A,ON,Ontario,Sault Ste.,
P6B,ON,Ontario,Sault Ste.,
P6C,ON,Ontario,Sault Ste.,
P7A,ON,Ontario,Thunder Bay,
P7B,ON,Ontario,Thunder Bay,
P7C,ON,Ontario,Thunder Bay,
P7E,ON,Ontario,Thunder Bay,
P7G,ON,Ontario,Thunder Bay,
P7J,ON,Ontario,Thunder Bay,
P7K,ON,Ontario,Thunder Bay,
P7L,ON,Ontario,Neebing,
P8N,ON,Ontario,Dryden,
P8T,ON,Ontario,Sioux Lookout,
P9A,ON,Ontario,Fort Frances,
P9N,ON,Ontario,Kenora,
C0B,PE,Prince Edward Island,Prince County,
C0A,PE,Prince Edward Island,Kings and Queens counties,
C0A,PE,Prince Edward Island,Montague,
C1A,PE,Prince Edward Island,Charlottetown,
C1B,PE,Prince Edward Island,Stratford,
C1C,PE,Prince Edward Island,Charlottetown,
C1E,PE,Prince Edward Island,Charlottetown,
C1N,PE,Prince Edward Island,Summerside,
G4W,QC,Quebec,Bas-Saint-Laurent,
G5H,QC,Quebec,Bas-Saint-Laurent,
G5J,QC,Quebec,Bas-Saint-Laurent,
G5L,QC,Quebec,Bas-Saint-Laurent,
G5M,QC,Quebec,Bas-Saint-Laurent,
G5N,QC,Quebec,Bas-Saint-Laurent,
G5R,QC,Quebec,Bas-Saint-Laurent,
G7P,QC,Quebec,Saguenay/Lac-Saint-Jean,
G8B,QC,Quebec,Saguenay/Lac-Saint-Jean,
G8C,QC,Quebec,Saguenay/Lac-Saint-Jean,
G8E,QC,Quebec,Saguenay/Lac-Saint-Jean,
G8H,QC,Quebec,Saguenay/Lac-Saint-Jean,
G8J,QC,Quebec,Saguenay/Lac-Saint-Jean,
G8K,QC,Quebec,Saguenay/Lac-Saint-Jean,
G8L,QC,Quebec,Saguenay/Lac-Saint-Jean,
G8M,QC,Quebec,Saguenay/Lac-Saint-Jean,
G8N,QC,Quebec,Saguenay/Lac-Saint-Jean,
G0A,QC,Quebec,Capitale-Nationale,
G1A,QC,Quebec,Capitale-Nationale,
G1J,QC,Quebec,Capitale-Nationale,
G1K,QC,Quebec,Capitale-Nationale,
G1L,QC,Quebec,Capitale-Nationale,
G1M,QC,Quebec,Capitale-Nationale,
G1N,QC,Quebec,Capitale-Nationale,
G1P,QC,Quebec,Capitale-Nationale,
G1R,QC,Quebec,Capitale-Nationale,
G1S,QC,Quebec,Capitale-Nationale,
G1T,QC,Quebec,Capitale-Nationale,
G2C,QC,Quebec,Capitale-Nationale,
G2E,QC,Quebec,Capitale-Nationale,
G2J,QC,Quebec,Capitale-Nationale,
G2K,QC,Quebec,Capitale-Nationale,
G3B,QC,Quebec,Capitale-Nationale,
G3C,QC,Quebec,Capitale-Nationale,
G3H,QC,Quebec,Capitale-Nationale,
G3M,QC,Quebec,Capitale-Nationale,
G3N,QC,Quebec,Capitale-Nationale,
G3S,QC,Quebec,Capitale-Nationale,
G3Z,QC,Quebec,Capitale-Nationale,
G4A,QC,Quebec,Capitale-Nationale,
G5A,QC,Quebec,Capitale-Nationale,
G0X,QC,Quebec,Mauricie,
G9X,QC,Quebec,Mauricie,
J5V,QC,Quebec,Mauricie,
J0B,QC,Quebec,Estrie,
J1S,QC,Quebec,Estrie,
J1T,QC,Quebec,Estrie,
J1X,QC,Quebec,Estrie,
H1B,QC,Quebec,Montreal,
H1G,QC,Quebec,Montreal,
H1H,QC,Quebec,Montreal,
H2Y,QC,Quebec,Montreal,
H2Z,QC,Quebec,Montreal,
H3A,QC,Quebec,Montreal,
H3B,QC,Quebec,Montreal,
H3G,QC,Quebec,Montreal,
H3H,QC,Quebec,Montreal,
H3X,QC,Quebec,Montréal,
H3Y,QC,Quebec,Montréal,
H3Z,QC,Quebec,Montréal,
H4W,QC,Quebec,Montréal,
H4X,QC,Quebec,Montreal,
H9J,QC,Quebec,Montréal,
H9P,QC,Quebec,Montréal,
H9R,QC,Quebec,Montréal,
H9W,QC,Quebec,Montréal,
J0X,QC,Quebec,Outaouais,
J8N,QC,Quebec,Outaouais,
J9B,QC,Quebec,Outaouais,
J9E,QC,Quebec,Outaouais,
J0Z,QC,Quebec,Abitibi-Témiscamingue,
J9P,QC,Quebec,Abitibi-Témiscamingue,
J9T,QC,Quebec,Abitibi-Témiscamingue,
J9V,QC,Quebec,Abitibi-Témiscamingue,
J9Z,QC,Quebec,Abitibi-Témiscamingue,
G0G,QC,Quebec,Côte-Nord,
G4S,QC,Quebec,Côte-Nord,
G5B,QC,Quebec,Côte-Nord,
G8P,QC,Quebec,Nord-du-Québec,
G4X,QC,Quebec,Gaspésie-Îles-de-la-Madeleine,
G5V,QC,Quebec,Chaudière-Appalaches,
G5X,QC,Quebec,Chaudière-Appalaches,
G5Y,QC,Quebec,Chaudière-Appalaches,
G5Z,QC,Quebec,Chaudière-Appalaches,
G6A,QC,Quebec,Chaudière-Appalaches,
G6E,QC,Quebec,Chaudière-Appalaches,
G6G,QC,Quebec,Chaudière-Appalaches,
G6V,QC,Quebec,Chaudière-Appalaches,
G6W,QC,Quebec,Chaudière-Appalaches,
G6Y,QC,Quebec,Chaudière-Appalaches,
H7N,QC,Quebec,Laval,
H7R,QC,Quebec,Laval,
J0K,QC,Quebec,Lanaudière,
J5M,QC,Quebec,Lanaudière,
J5T,QC,Quebec,Lanaudière,
J5X,QC,Quebec,Lanaudière,
J5Y,QC,Quebec,Lanaudière,
J5Z,QC,Quebec,Lanaudière,
J6A,QC,Quebec,Lanaudière,
J6V,QC,Quebec,Lanaudière,
J6W,QC,Quebec,Lanaudière,
J6X,QC,Quebec,Lanaudière,
J6Y,QC,Quebec,Lanaudière,
J7K,QC,Quebec,Lanaudière,
J7L,QC,Quebec,Lanaudière,
J0T,QC,Quebec,Laurentides,
J5K,QC,Quebec,Laurentides,
J5L,QC,Quebec,Laurentides,
J7E,QC,Quebec,Laurentides,
J7P,QC,Quebec,Laurentides,
J7R,QC,Quebec,Laurentides,
J7Y,QC,Quebec,Laurentides,
J7Z,QC,Quebec,Laurentides,
J8A,QC,Quebec,Laurentides,
J8B,QC,Quebec,Laurentides,
J8E,QC,Quebec,Laurentides,
J8H,QC,Quebec,Laurentides,
J9L,QC,Quebec,Laurentides,
J0J,QC,Quebec,Montérégie,
J0L,QC,Quebec,Montérégie,
J0S,QC,Quebec,Montérégie,
J2G,QC,Quebec,Montérégie,
J2H,QC,Quebec,Montérégie,
J2J,QC,Quebec,Montérégie,
J2K,QC,Quebec,Montérégie,
J2L,QC,Quebec,Montérégie,
J2M,QC,Quebec,Montérégie,
J2N,QC,Quebec,Montérégie,
J2R,QC,Quebec,Montérégie,
J2S,QC,Quebec,Montérégie,
J2T,QC,Quebec,Montérégie,
J2X,QC,Quebec,Montérégie,
J2Y,QC,Quebec,Montérégie,
J3A,QC,Quebec,Montérégie,
J3B,QC,Quebec,Montérégie,
J3E,QC,Quebec,Montérégie,
J3G,QC,Quebec,Montérégie,
J3L,QC,Quebec,Montérégie,
J3M,QC,Quebec,Montérégie,
J3X,QC,Quebec,Montérégie,
J4B,QC,Quebec,Montérégie,
J4P,QC,Quebec,Montérégie,
J4R,QC,Quebec,Montérégie,
J4S,QC,Quebec,Montérégie,
J4W,QC,Quebec,Montérégie,
J4X,QC,Quebec,Montérégie,
J4Y,QC,Quebec,Montérégie,
J4Z,QC,Quebec,Montérégie,
J5A,QC,Quebec,Montérégie,
J5B,QC,Quebec,Montérégie,
J5C,QC,Quebec,Montérégie,
J5R,QC,Quebec,Montérégie,
J6J,QC,Quebec,Montérégie,
J6K,QC,Quebec,Montérégie,
J6N,QC,Quebec,Montérégie,
J6R,QC,Quebec,Montérégie,
J6S,QC,Quebec,Montérégie,
J6T,QC,Quebec,Montérégie,
J7V,QC,Quebec,Montérégie,
G0P,QC,Quebec,Centre-du-Québec,
G0Z,QC,Quebec,Centre-du-Québec,
G6L,QC,Quebec,Centre-du-Québec,
G6P,QC,Quebec,Centre-du-Québec,
G6T,QC,Quebec,Centre-du-Québec,
J0A,QC,Quebec,Centre-du-Québec,
J0C,QC,Quebec,Centre-du-Québec,
J2A,QC,Quebec,Centre-du-Québec,
J2C,QC,Quebec,Centre-du-Québec,
J2E,QC,Quebec,Centre-du-Québec,
J3T,QC,Quebec,Centre-du-Québec,
G0B,QC,Quebec,Cap-aux-Meules,
G0C,QC,Quebec,Gaspésie-Sud,
G0E,QC,Quebec,Gaspésie-Nord,
G0H,QC,Quebec,Manicouagan,
G0J,QC,Quebec,Gaspésie-Ouest,
G0K,QC,Quebec,Bas-St-Laurent-Est,
G0L,QC,Quebec,Bas-St-Laurent-Ouest,
G0M,QC,Quebec,Région de,
G0N,QC,Quebec,Chaudière-Sud,
G0R,QC,Quebec,Appalaches,
G0S,QC,Quebec,Chaudière-Nord,
G0T,QC,Quebec,Le Fjord,
G0V,QC,Quebec,Saguenay-Lac-St-Jean,
G0W,QC,Quebec,Région de,
G0Y,QC,Quebec,L'Erable,
G1B,QC,Quebec,Beauport,
G1C,QC,Quebec,Beauport,
G1E,QC,Quebec,Beauport,
G1G,QC,Quebec,Jean-Talon Southeast,
G1H,QC,Quebec,Charlesbourg South,
G1V,QC,Quebec,Sainte-Foy,
G1W,QC,Quebec,Sainte-Foy,
G1X,QC,Quebec,Sainte-Foy,
G1Y,QC,Quebec,Cap-Rouge,
G2A,QC,Quebec,Loretteville,
G2B,QC,Quebec,Loretteville,
G2G,QC,Quebec,L'Ancienne-Lorette Southwest,
G2L,QC,Quebec,Charlesbourg North,
G2M,QC,Quebec,Jean-Talon,
G2N,QC,Quebec,Jean-Talon,
G3A,QC,Quebec,St-Augustin-De-Desmaures,
G3E,QC,Quebec,Saint-Émile,
G3G,QC,Quebec,Lac-Saint-Charles,
G3J,QC,Quebec,Val-Bélair,
G3K,QC,Quebec,Val-Bélair,
G3L,QC,Quebec,Saint-Raymond,
G4R,QC,Quebec,Sept-Îles Southeast,
G4T,QC,Quebec,Les Îles-De-La-Madeleine,
G4V,QC,Quebec,Sainte-Anne-Des-Monts,
G4Z,QC,Quebec,Baie-Comeau Northeast,
G5C,QC,Quebec,Baie-Comeau Southwest,
G5T,QC,Quebec,Degelis,
G6B,QC,Quebec,Lac-Megantic,
G6C,QC,Quebec,Pintendre,
G6H,QC,Quebec,Black Lake,
G6J,QC,Quebec,Saint-Etienne-De-Lauzon,
G6K,QC,Quebec,Saint-Redempteur,
G6R,QC,Quebec,Victoriaville,
G6S,QC,Quebec,Victoriaville,
G6X,QC,Quebec,Charny,
G6Z,QC,Quebec,Saint-Jean-Chrysostome,
G7A,QC,Quebec,Saint-Nicolas,
G7B,QC,Quebec,La Baie,
G7G,QC,Quebec,Chicoutimi,
G7H,QC,Quebec,Chicoutimi,
G7J,QC,Quebec,Chicoutimi,
G7K,QC,Quebec,Chicoutimi,
G7N,QC,Quebec,Laterrière,
G7S,QC,Quebec,Jonquière,
G7T,QC,Quebec,Jonquière,
G7X,QC,Quebec,Jonquière,
G7Y,QC,Quebec,Jonquière,
G7Z,QC,Quebec,Jonquière,
G8A,QC,Quebec,Jonquière West,
G8G,QC,Quebec,Métabetchouan-Lac-a-la-Croix,
G8T,QC,Quebec,Cap-de-la-Madeleine,
G8V,QC,Quebec,Cap-de-la-Madeleine,
G8W,QC,Quebec,Cap-de-la-Madeleine,
G8Y,QC,Quebec,Trois-Rivières,
G8Z,QC,Quebec,Trois-Rivières,
G9A,QC,Quebec,Trois-Rivières,
G9B,QC,Quebec,Trois-Rivières,
G9C,QC,Quebec,Trois-Rivières,
G9H,QC,Quebec,Becancour,
G9N,QC,Quebec,Shawinigan,
G9P,QC,Quebec,Shawinigan,
G9R,QC,Quebec,Shawinigan,
G9T,QC,Quebec,Grand-Mère,
H0H,QC,Quebec,Reserved,
H0M,QC,Quebec,Akwesasne Region,
H1A,QC,Quebec,Pointe-Aux-Trembles,
H1C,QC,Quebec,Rivière-des-Prairies Northeast,
H1E,QC,Quebec,Rivière-Des-Prairies Southwest,
H1J,QC,Quebec,Anjou,
H1K,QC,Quebec,Anjou,
H1L,QC,Quebec,Mercier,
H1M,QC,Quebec,Mercier,
H1N,QC,Quebec,Mercier,
H1P,QC,Quebec,Saint-Léonard,
H1R,QC,Quebec,Saint-Léonard,
H1S,QC,Quebec,Saint-Léonard,
H1T,QC,Quebec,Rosemont,
H1V,QC,Quebec,Maisonneuve,
H1W,QC,Quebec,Hochelaga,
H1X,QC,Quebec,Rosemont,
H1Y,QC,Quebec,Rosemont,
H1Z,QC,Quebec,Saint-Michel West,
H2A,QC,Quebec,Saint-Michel East,
H2B,QC,Quebec,Ahuntsic,
H2C,QC,Quebec,Ahuntsic,
H2E,QC,Quebec,Villeray,
H2G,QC,Quebec,Petite-Patrie,
H2H,QC,Quebec,Plateau Mont-Royal,
H2J,QC,Quebec,Plateau Mont-Royal,
H2K,QC,Quebec,Centre-Sud North,
H2L,QC,Quebec,Centre-Sud South,
H2M,QC,Quebec,Ahuntsic,
H2N,QC,Quebec,Ahuntsic,
H2P,QC,Quebec,Villeray,
H2R,QC,Quebec,Villeray,
H2S,QC,Quebec,Petite-Patrie,
H2T,QC,Quebec,Plateau Mont-Royal,
H2V,QC,Quebec,Outremont,
H2W,QC,Quebec,Plateau Mont-Royal,
H2X,QC,Quebec,Plateau Mont-Royal,
H3C,QC,Quebec,Griffintown,
H3E,QC,Quebec,L'Île-Des-Soeurs,
H3J,QC,Quebec,Petite-Bourgogne,
H3K,QC,Quebec,Pointe-Saint-Charles,
H3L,QC,Quebec,Ahuntsic Southwest,
H3M,QC,Quebec,Cartierville Northeast,
H3N,QC,Quebec,Parc-Extension,
H3P,QC,Quebec,Mount Royal,
H3R,QC,Quebec,Mount Royal,
H3S,QC,Quebec,Côte-des-Neiges,
H3T,QC,Quebec,Côte-des-Neiges,
H3V,QC,Quebec,Côte-des-Neiges,
H3W,QC,Quebec,Côte-des-Neiges,
H4A,QC,Quebec,Notre-Dame-de-Grâce,
H4B,QC,Quebec,Notre-Dame-de-Grâce,
H4C,QC,Quebec,Saint-Henri,
H4E,QC,Quebec,Ville Émard,
H4G,QC,Quebec,Verdun,
H4H,QC,Quebec,Verdun,
H4J,QC,Quebec,Cartierville,
H4K,QC,Quebec,Cartierville,
H4L,QC,Quebec,Saint-Laurent,
H4M,QC,Quebec,Saint-Laurent,
H4N,QC,Quebec,Saint-Laurent,
H4P,QC,Quebec,Mount Royal South,
H4R,QC,Quebec,Saint-Laurent,
H4S,QC,Quebec,Saint-Laurent,
H4T,QC,Quebec,Saint-Laurent,
H4V,QC,Quebec,Côte-Saint-Luc East,
H4Y,QC,Quebec,Dorval Central,
H4Z,QC,Quebec,Tour de la Bourse,
H5A,QC,Quebec,Place,
H5B,QC,Quebec,Place,
H7A,QC,Quebec,Duvernay-Est,
H7B,QC,Quebec,Saint-Franþois,
H7C,QC,Quebec,Saint-Vincent-de-Paul,
H7E,QC,Quebec,Duvernay,
H7G,QC,Quebec,Pont-Viau,
H7H,QC,Quebec,Auteuil,
H7J,QC,Quebec,Auteuil,
H7K,QC,Quebec,Auteuil,
H7L,QC,Quebec,Sainte-Rose,
H7M,QC,Quebec,Vimont,
H7P,QC,Quebec,Fabreville,
H7S,QC,Quebec,Chomedey,
H7T,QC,Quebec,Chomedey,
H7V,QC,Quebec,Chomedey,
H7W,QC,Quebec,Chomedey,
H7X,QC,Quebec,Sainte-Dorothée,
H7Y,QC,Quebec,Îles-Laval,
H8N,QC,Quebec,LaSalle,
H8P,QC,Quebec,LaSalle,
H8R,QC,Quebec,Saint-Pierre,
H8S,QC,Quebec,Lachine,
H8T,QC,Quebec,Lachine,
H8Y,QC,Quebec,Roxboro,
H8Z,QC,Quebec,Pierrefonds,
H9A,QC,Quebec,Dollard-Des-Ormeaux,
H9B,QC,Quebec,Dollard-Des-Ormeaux,
H9C,QC,Quebec,L'Île Bizard Northeast,
H9E,QC,Quebec,L'Île-Bizard Southwest,
H9G,QC,Quebec,Dollard-Des-Ormeaux,
H9H,QC,Quebec,Sainte-Geneviève,
H9K,QC,Quebec,Senneville,
H9S,QC,Quebec,L'Île-Dorval,
H9X,QC,Quebec,Sainte-Anne-De-Bellevue,
J0E,QC,Quebec,Estrie-Ouest,
J0G,QC,Quebec,Bois-Francs-Nord,
J0H,QC,Quebec,Bois-Francs-Sud,
J0M,QC,Quebec,Nunavik,
J0N,QC,Quebec,Région d'Oka,
J0P,QC,Quebec,Vaudreuil-Soulanges,
J0R,QC,Quebec,Lanaudière-Sud,
J0V,QC,Quebec,Laurentides-Sud,
J0W,QC,Quebec,Outaouais-Nord,
J0Y,QC,Quebec,Abitibi-Témiscamingue-Est,
J1A,QC,Quebec,Coaticook,
J1C,QC,Quebec,Bromptonville,
J1E,QC,Quebec,Sherbrooke,
J1G,QC,Quebec,Sherbrooke,
J1H,QC,Quebec,Sherbrooke,
J1J,QC,Quebec,Sherbrooke,
J1K,QC,Quebec,Sherbrooke,
J1L,QC,Quebec,Sherbrooke,
J1M,QC,Quebec,Sherbrooke,
J1N,QC,Quebec,Rock Forest,
J1R,QC,Quebec,Saint-Élie-d'Orford,
J1Z,QC,Quebec,Saint-Cyrille-De-Wendover,
J2B,QC,Quebec,Drummondville South,
J2W,QC,Quebec,Saint-Luc,
J3H,QC,Quebec,Beloeil East,
J3N,QC,Quebec,Saint-Basile-Le-Grand,
J3P,QC,Quebec,Sorel,
J3R,QC,Quebec,Sorel,
J3V,QC,Quebec,Saint-Bruno,
J3Y,QC,Quebec,Saint-Hubert,
J3Z,QC,Quebec,Saint-Hubert,
J4G,QC,Quebec,Longueuil,
J4H,QC,Quebec,Longueuil,
J4J,QC,Quebec,Longueuil,
J4K,QC,Quebec,Longueuil,
J4L,QC,Quebec,Longueuil,
J4M,QC,Quebec,Longueuil,
J4N,QC,Quebec,Longueuil,
J4T,QC,Quebec,Saint-Hubert West,
J4V,QC,Quebec,Greenfield Park,
J5J,QC,Quebec,Saint-Sophie,
J5W,QC,Quebec,L'Assomption,
J6E,QC,Quebec,Joliette,
J6Z,QC,Quebec,Sainte-Thérèse-de-Blainville Northeast,
J7A,QC,Quebec,Sainte-Thérèse-de-Blainville,
J7B,QC,Quebec,Sainte-Thérèse-de-Blainville,
J7C,QC,Quebec,Sainte-Thérèse-de-Blainville,
J7G,QC,Quebec,Sainte-Thérèse-de-Blainville,
J7H,QC,Quebec,Sainte-Thérèse-de-Blainville,
J7J,QC,Quebec,Mirabel,
J7M,QC,Quebec,La Plaine,
J7N,QC,Quebec,Mirabel,
J7T,QC,Quebec,Vaudreuil-Dorion RCM,
J7W,QC,Quebec,Pincourt,
J7X,QC,Quebec,Valleyfield,
J8C,QC,Quebec,Sainte-Agathe-Des-Monts,
J8G,QC,Quebec,Chatham,
J8L,QC,Quebec,Buckingham,
J8M,QC,Quebec,Masson-Angers,
J8P,QC,Quebec,Gatineau,
J8R,QC,Quebec,Gatineau,
J8T,QC,Quebec,Gatineau,
J8V,QC,Quebec,Gatineau,
J8X,QC,Quebec,Hull,
J8Y,QC,Quebec,Hull,
J8Z,QC,Quebec,Hull,
J9A,QC,Quebec,Hull Southwest,
J9H,QC,Quebec,Aylmer,
J9J,QC,Quebec,Aylmer,
J9X,QC,Quebec,Rouyn-Noranda,
J9Y,QC,Quebec,Rouyn-Noranda,
S0A,SK,Saskatchewan,Yorkton Region,
S0C,SK,Saskatchewan,Southeastern Saskatchewan,
S0E,SK,Saskatchewan,Eastern Saskatchewan,
S0G,SK,Saskatchewan,South Central Saskatchewan,
S0H,SK,Saskatchewan,Southern Saskatchewan,
S0J,SK,Saskatchewan,Northern Saskatchewan,
S0K,SK,Saskatchewan,Central Saskatchewan,
S0L,SK,Saskatchewan,Western Saskatchewan,
S0M,SK,Saskatchewan,Northwestern Saskatchewan,
S0N,SK,Saskatchewan,Southwestern Saskatchewan,
S0P,SK,Saskatchewan,Northeastern Saskatchewan,
S2V,SK,Saskatchewan,Buena Vista,
S3N,SK,Saskatchewan,Yorkton,
S4A,SK,Saskatchewan,Estevan,
S4H,SK,Saskatchewan,Weyburn,
S4K,SK,Saskatchewan,Rm Of Sherwood,
S4L,SK,Saskatchewan,Regina,
S4M,SK,Saskatchewan,Regina,
S4N,SK,Saskatchewan,Regina,
S4P,SK,Saskatchewan,Regina,
S4R,SK,Saskatchewan,Regina,
S4S,SK,Saskatchewan,Regina,
S4T,SK,Saskatchewan,Regina,
S4V,SK,Saskatchewan,Regina,
S4W,SK,Saskatchewan,Regina,
S4X,SK,Saskatchewan,Regina,
S4Y,SK,Saskatchewan,Regina,
S4Z,SK,Saskatchewan,Regina,
S6H,SK,Saskatchewan,Moose Jaw,
S6J,SK,Saskatchewan,Moose Jaw,
S6K,SK,Saskatchewan,Moose Jaw,
S6V,SK,Saskatchewan,Prince Albert,
S6W,SK,Saskatchewan,Prince Albert,
S6X,SK,Saskatchewan,Prince Albert,
S7H,SK,Saskatchewan,Saskatoon,
S7J,SK,Saskatchewan,Saskatoon,
S7K,SK,Saskatchewan,Saskatoon,
S7L,SK,Saskatchewan,Saskatoon,
S7M,SK,Saskatchewan,Saskatoon,
S7N,SK,Saskatchewan,Saskatoon,
S7P,SK,Saskatchewan,Saskatoon,
S7R,SK,Saskatchewan,Saskatoon,
S7S,SK,Saskatchewan,Saskatoon,
S7T,SK,Saskatchewan,Saskatoon,
S7V,SK,Saskatchewan,Saskatoon,
S7W,SK,Saskatchewan,Saskatoon,
S9A,SK,Saskatchewan,North Battleford,
S9H,SK,Saskatchewan,Swift Current,
S9V,SK,Saskatchewan,Lloydminster,
S9X,SK,Saskatchewan,Meadow Lake,
Y0A,YT,Yukon,Southeastern Yukon,
Y0B,YT,Yukon,Central Yukon,
Y1A,YT,Yukon,Whitehorse,
